file,targetPOS,followingPOS,followingWord
male,NN,VBZ,isnt
male,JJ,NN,selfhater
male,NN,HT,toldyou
male,NN,IN,If
male,NN,NNP,Science
male,NNP,VBD,called
male,NNP,IN,in
male,JJ,NN,restroom
male,NN,PRP,you
male,NN,PRP,you
male,NNP,VBZ,turns
male,NN,PRP,they
male,NN,PRP,Our
male,NNP,IN,of
male,NNP,,
male,NNP,VB,come
male,NNP,IN,in
male,NNP,NN,pig
male,NNP,VBZ,hes
male,NNP,IN,until
male,NN,VBD,quit
male,NN,PRP,It
male,NNP,NN,teacher
male,NN,VBD,Did
male,NNP,CC,or
male,NNP,VBP,Im
male,NN,RB,therefore
male,NNP,NN,athlete
male,NN,NN,MMA
male,NNP,NN,MMA
male,NN,IN,So
male,NN,PRP,They
male,NNP,NNP,bathrooms
male,NNP,FW,de
male,NNP,IN,with
male,NN,IN,with
male,NN,RB,not
male,JJ,UH,x
male,NNP,NN,stripper
male,NNP,NNS,strippers
male,NNP,VBP,Im
male,NNP,CC,and
male,NNP,IN,so
male,NNP,NNP,nicki
male,NNP,NN,friend
male,NNP,NN,friend
male,NNP,CC,or
male,NN,CC,and
male,NNP,NNP,male
male,NNP,WP,who
male,NNP,CC,and
male,NNP,RB,so
male,NNP,NN,comedian
male,NNP,VBD,beat
male,NNP,NN,sex
male,NN,PRP,one
male,NNP,NNP,MRA
male,NNP,IN,in
male,NN,VBG,identifying
male,NNP,CC,and
male,NNP,NN,stripper
male,NNP,VBZ,tries
male,NN,PRP,My
male,NNP,NN,athlete
male,NN,NN,athlete
male,NNP,IN,like
male,NNP,NN,pokemon
male,JJ,NN,salandit
male,NNP,IN,in
male,NNP,NNP,The
male,NNP,VBZ,isnt
male,NNP,NNP,membership
male,NNP,IN,in
male,NNP,VBP,have
male,NNP,CC,or
male,JJ,NN,rapper
male,NNP,CC,and
male,NN,IN,with
male,NN,NN,So
male,NNP,NN,player
male,NN,WRB,why
male,NN,DT,The
male,NNP,VBG,changing
male,NNP,NN,doctor
male,NNP,NN,hoe
male,NNP,NN,skeleton
male,NNP,MD,could
male,NNP,NN,context
male,NN,IN,of
male,NNP,VB,carry
male,NNP,NN,comic
male,NNP,NN,account
male,NNP,NN,head
male,NNP,IN,so
male,NN,CC,but
male,JJ,NN,wrestling
male,NNP,WP,who
male,NN,VBZ,has
male,NN,CC,but
male,JJ,NN,contests
male,NNP,CC,or
male,NNP,CC,or
male,JJ,NN,rapper
male,NNP,CC,or
male,JJ,NN,rapper
male,NNP,NNP,rapper
male,NNP,NNP,permanently
male,NNP,MD,would
male,NNP,NNP,ed
male,NNP,DT,a
male,NN,NN,end
male,NNP,NNP,Chikorita
male,NNP,NN,anime
male,NNP,NN,friend
male,NNP,NN,figure
male,NNP,IN,like
male,NN,IN,so
male,NNP,VBZ,calls
male,NN,PRP,I
male,NNP,CC,or
male,JJ,NN,period
male,NNP,PRP,you
male,NNP,CC,and
male,NNP,CC,or
male,NN,CC,And
male,NNP,MD,can
male,NN,VB,Dont
male,NNP,NNP,panda
male,NNP,NNP,chauvinist
male,NNP,NN,version
male,NNP,NNP,example
male,NNP,VBP,are
male,NN,MD,youll
male,NNP,TO,to
male,JJ,NNS,trans
male,NNP,CC,and
male,NN,VB,fuck
male,JJ,NNS,thats
male,NN,IN,on
male,NN,PRP,They
male,NNP,NNP,wasserman
male,NNP,DT,any
male,NN,PRP,i
male,NNP,PRP,its
male,NNP,NNP,HH
male,NN,VBZ,its
male,NN,NNP,Mack
male,NN,IN,on
male,NNP,WP,who
male,NNP,CC,or
male,NN,IN,on
male,NN,VBZ,wants
male,NN,VBG,Taking
male,NNP,NNP,Nazi
male,NN,IN,on
male,NNP,NN,bracket
male,JJ,NNS,parts
male,NN,VBZ,wants
male,NNP,IN,in
male,NNP,NN,body
male,NNP,CC,or
male,JJ,DT,these
male,NNP,NNP,kid
male,NN,PRP,He
male,NNP,CC,and
male,NN,NN,classmates
male,NN,NNP,Emma
male,NN,NNP,Diesel
male,NNP,CC,and
male,NN,UH,Goddamn
male,NN,VBZ,is
male,NNS,HT,simple
male,NNP,IN,of
male,NNP,VBP,have
male,NNP,NN,nurse
male,NNS,PRP,his
male,NNP,IN,if
male,NNP,VBZ,is
male,NNP,VBD,named
male,JJ,NN,brain
male,NNP,NNP,brainhow
male,NNP,IN,into
male,JJ,NN,brain
male,NN,CC,but
male,JJ,IN,since
male,NN,PRP,I
male,NN,VB,let
male,NNP,VBG,pounding
male,NN,CC,but
male,NNP,CC,and
male,NNP,NN,body
male,NNP,NNP,protagonist
male,NN,RB,then
male,NN,VB,use
male,NNP,NNP,god
male,NNP,NN,judge
male,NNP,CC,or
male,VBD,DT,the
male,NN,RB,not
male,NNP,VBZ,defeats
male,NN,IN,in
male,NNP,MD,could
male,NNP,CC,and
male,JJ,CD,one
male,NNP,DT,no
male,NN,CC,and
male,NNP,UH,hahaha
male,NNP,NNP,mantis
male,NNP,JJ,pregnant
male,NN,MD,can
male,NN,PRP,he
male,NNP,NN,point
male,NNP,NNS,tears
male,NNP,NNP,a
male,NNP,UH,lmao
male,NNP,NNP,plt
male,NNP,DT,this
male,NNP,PRP,one
male,NNP,NN,prostitute
male,JJ,NN,neighbor
male,NNP,NN,producer
male,NN,VBZ,Theres
male,NNP,NN,blogger
male,NNP,TO,to
male,NN,MD,should
male,NNP,CC,and
male,NN,TO,to
male,NNP,NN,stripper
male,NN,PRP,u
male,NN,VBD,got
male,NNP,NN,dominance
male,NNP,NN,stripper
male,NN,NN,gay
male,NN,MD,Id
male,JJ,NNS,fishes
male,NNP,NN,athlete
male,JJ,NN,friend
male,NNP,NN,nurse
male,NNP,WP,whom
male,NNP,NN,body
male,NNP,RB,not
male,NNP,IN,without
male,NNP,IN,in
male,NNP,NNP,Chihuahua
male,NNP,NN,coach
male,NN,PRP,He
male,NNP,CC,and
male,NN,MD,can
male,NNP,NNP,son
male,NNP,NNP,son
male,NNP,NNP,cat
male,NNP,VBD,made
male,NNP,NN,version
male,NNP,VBD,made
male,NNP,VBZ,calls
male,NNP,NNP,httpstcoqqSLXrGLIR
male,NN,PRP,He
male,NNP,NNP,RampB
male,JJ,NN,transgender
male,NNP,NNP,Pit
male,NNP,NNP,Hormone
male,NNP,VBZ,looks
male,NNP,NNP,English
male,NNP,NNP,Chihuahua
male,NNP,IN,en
male,NNP,NNP,zorra
male,NNP,TO,to
male,NN,CC,but
male,NNS,VB,be
male,NNP,NN,vocal
male,NNP,NNP,vocal
male,NN,NN,vocal
male,NNP,VBD,made
male,NNP,NNP,son
male,NNP,NNP,son
male,NN,PRP,He
male,NNP,NNP,English
male,NNP,CC,and
male,JJ,VBG,having
male,NNP,NNP,Chihuahua
male,NNP,NN,version
male,NN,PRP,He
male,NNP,CC,and
male,NNP,CC,or
male,NN,IN,With
male,NNP,CC,and
male,JJ,NNS,organs
male,NNP,VBZ,calls
male,NNP,NNP,adult
male,NNP,NNP,streaker
male,NNP,NNP,streaker
male,NNP,VBZ,calls
male,NNP,WDT,that
male,NNP,NNP,Pit
male,NNP,VBZ,is
male,NNP,VBZ,calls
male,NNP,VBZ,calls
male,NN,NN,teacher
male,NNP,NN,student
male,NNP,VBD,made
male,NNP,NNP,English
male,NNP,NN,shot
male,NNP,VB,get
male,NNP,VBZ,calls
male,NNP,NN,name
male,NNP,NNP,English
male,NNP,PRP,I
male,NNP,NN,coach
male,NN,NN,attempt
male,NN,PRP,He
male,NNP,VBG,speaking
male,NNP,NNP,Pit
male,NN,PRP,He
male,NNP,JJ,orange
male,NN,NNS,cats
male,NNP,NN,Rat
male,NNP,NNP,MidLife
male,NNP,VBZ,calls
male,NNP,NNP,Pit
male,NNP,NN,vote
male,NNP,NN,ballet
male,NNP,NNP,Pit
male,NNP,VBG,grooming
male,NNP,VBZ,calls
male,NNP,VBZ,calls
male,NNP,NN,feminist
male,NNP,PRP,I
male,NNP,NNS,deities
male,NNP,VBD,controlled
male,HT,NN,now
male,NNP,NN,blogger
male,NN,PRP,He
male,NNP,NNP,Mel
male,NNP,NN,blogger
male,NNP,NNP,chiropractor
male,NNP,VBZ,calls
male,NNP,NN,mentorship
male,NNP,NN,actor
male,NN,PRP,your
male,NNP,NNP,hole
male,NNP,NN,blogger
male,NNS,IN,in
male,NNP,VBD,dominated
male,NNP,NNP,httpstcoKUoQDfcLDA
male,NNP,NN,model
male,JJ,NN,transgender
male,NNP,VBZ,calls
male,NNP,NNP,Pit
male,NNP,VBZ,calls
male,NNP,VBG,speaking
male,NNP,NNP,Chihuahua
male,NNS,CC,and
male,NN,PRP,He
male,NNP,NN,figure
male,NNP,NNP,Pit
male,NNP,WRB,y
male,NN,VB,fuck
male,NNP,NN,figure
male,NNP,IN,from
male,NNP,NNP,Roul
male,NNP,JJ,Domestic
male,NNP,NNP,Chihuahua
male,NNP,NN,cat
male,NNP,NN,cat
male,NNP,NN,cat
male,NNP,NN,cat
male,NNP,NN,cat
male,NN,VBG,running
male,NNP,CC,and
male,NN,IN,in
male,NN,VBP,are
male,NNP,NNP,di
male,NN,NN,rapper
male,NNP,NNP,rappers
male,NNP,VBZ,calls
male,NNP,NN,lead
male,NN,NN,character
male,NNP,NNP,leads
male,NNP,NN,stripper
male,NNP,VBZ,calls
male,NNP,NNP,Escort
male,NNP,VBZ,calls
male,NNP,NNP,Escort
male,NN,DT,a
male,NNP,NNP,ato
male,NN,JJ,platonic
male,NNP,NN,Rat
male,NNP,NNP,httpstcoKUoQDfcLDA
male,NNP,NN,Vocalist
male,NNP,NNP,colleague
male,NNP,NN,Sex
male,NN,PRP,He
male,NNP,NN,figure
male,NNP,IN,if
male,JJ,PRP,My
male,NN,CC,but
male,NNP,NNP,rapper
male,NN,PRP,He
male,NNP,NNP,taylor
male,NNP,CC,and
male,NNP,VBG,speaking
male,NN,JJ,black
male,NNP,NNP,Actor
male,NN,JJ,brown
male,NN,JJ,orange
male,NNP,NNP,amp
male,NN,IN,of
male,NNP,NN,horse
male,NNP,NNP,httpstcoKUoQDfcLDA
male,NNP,NNP,httpstcoKUoQDfcLDA
male,NNP,NNP,colleague
male,NNP,NNP,httpstcoKUoQDfcLDA
male,NN,PRP,He
male,NNP,NNP,educator
male,NNP,NNP,bitmoji
male,NNP,VBZ,calls
male,NNP,IN,per
male,NN,PRP,He
male,NNP,WP,who
male,NNP,NN,cat
male,JJ,NN,fan
male,NNP,NN,fan
male,NNP,NNP,streaker
male,NNP,VBD,collapsed
male,NNP,IN,in
male,NNP,CC,or
male,NN,NN,hello
male,NN,PRP,He
male,NNP,CC,and
male,NNP,VBZ,does
male,NNS,VBP,have
male,NNP,NNP,MidLife
male,NNP,IN,in
male,NNP,NN,name
male,NNP,NNP,Shih
male,JJ,NN,world
male,NNP,NNP,MidLife
male,NNP,NN,friend
male,NNP,NN,lead
male,NN,NN,character
male,NNP,NNP,leads
male,NN,VBG,winning
male,NNP,NNP,Daytona
male,NNP,NN,strip
male,NNP,VBZ,calls
male,NNP,NNP,Pit
male,NNP,NN,Nurse
male,NNP,NN,transgender
male,NNP,JJ,restroom
male,NN,NN,transgender
male,NNP,NNP,Pit
male,NNP,NN,lead
male,NN,NN,character
male,NNP,NNP,leads
male,NNP,VBZ,calls
male,NNP,VBZ,feels
male,JJ,WRB,why
male,NNP,NNS,hormones
male,NNP,RB,instead
male,NN,PRP,She
male,NNP,RB,so
male,NNP,NN,coach
male,NN,PRP,He
male,NNP,NN,Rat
male,NN,PRP,She
male,NNP,CC,but
male,JJ,DT,This
male,NN,PRP,He
male,NNP,NNP,MidLife
male,NNP,NN,organ
male,JJ,NN,class
male,NNP,NNP,Chihuahua
male,NNP,NNP,httpstcoKUoQDfcLDA
male,NNP,NN,lead
male,NNP,NN,friend
male,NN,PRP,He
male,NNP,NNP,performer
male,NNP,NNP,Sherlock
male,NNP,VBZ,calls
male,NNP,WP,What
male,NNP,NNP,Sherlock
male,NNP,NNP,amp
male,NN,IN,of
male,NN,IN,That
male,NNP,CC,or
male,JJ,NNP,Brain
male,NNP,NNP,English
male,NNP,NNP,Sherlock
male,NNP,NNP,Sherlock
male,NNP,NN,subject
male,NNP,NN,porn
male,NNP,CC,or
male,NN,PRP,I
male,NNP,NNP,Sherlock
male,NN,PRP,He
male,NNP,NNP,Sherlock
male,NNP,CC,or
male,JJ,NNP,Brain
male,NNP,CC,or
male,JJ,NNP,Brain
male,NNP,NNP,Sherlock
male,NNP,NNP,Harem
male,NNP,NNP,Sherlock
male,NNP,PRP,I
male,NNP,CC,or
male,JJ,NNP,Brain
male,NN,PRP,He
male,NNP,NN,hoy
male,NNP,NNP,Sherlock
male,NN,PRP,He
male,NNP,NN,friend
male,NN,PRP,He
male,NNP,TO,to
male,NN,PRP,he
male,NNP,NNP,httpstcoKUoQDfcLDA
male,NNP,NNP,mealybug
male,NNP,VBZ,feels
male,JJ,WRB,why
male,NNP,NNS,hormones
male,NNP,RB,instead
male,NNP,NNP,feminist
male,NNP,NN,whore
male,NNP,NN,celeb
male,NN,PRP,He
male,NNP,NNP,httpstcoKUoQDfcLDA
male,NNP,NNP,Pit
male,NNP,NNP,Chihuahua
male,NNP,NN,child
male,NNP,NN,figure
male,NN,VBZ,gets
male,NNP,PRP,she
male,NNP,NNP,thats
male,NNP,FW,que
male,NNP,NNP,Chauvinist
male,JJ,NN,world
male,NNP,NN,suitor
male,NNP,VBZ,calls
male,NNP,NN,coach
male,NN,PRP,He
male,NNP,NN,strip
male,NNP,CC,and
male,NNP,NN,model
male,NNP,NN,figure
male,NN,PRP,He
male,NN,PRP,He
male,NNP,VBZ,calls
male,NNP,NN,companion
male,NNP,JJ,best
male,NNP,NN,perspective
male,NNP,NN,rapist
male,NNP,VBP,live
male,NNP,JJ,best
male,NNP,NN,perspective
male,NNP,CC,and
male,NNP,NN,e
male,NNP,CC,and
male,NNP,JJ,best
male,NNP,NN,perspective
male,NN,VBG,running
male,NNP,TO,to
male,JJ,NN,wrestling
male,NNP,NN,Rat
male,NNP,NN,friend
male,NNP,NN,victim
male,NNP,IN,into
male,NNP,NN,masseuse
male,NN,PRP,He
male,NNP,NN,plumbing
male,NNP,NNP,Pit
male,NNP,NNP,English
male,NNP,VBZ,thats
male,NNP,IN,into
male,NNP,CC,and
male,JJ,JJ,favorite
male,NNP,NN,artist
male,NN,PRP,He
male,NNP,NNP,Hound
male,NN,PRP,He
male,NNP,NNP,English
male,NNP,WP,who
male,NNP,JJ,blue
male,NNP,NN,artist
male,NNS,PRP,his
male,NNP,IN,if
male,NN,VBP,are
male,NNP,NN,artist
male,NNP,NN,care
male,NNP,NN,Rat
male,NN,PRP,He
male,NNP,NN,violence
male,JJ,NNP,Anglo
male,NN,PRP,He
male,NNP,NNP,Hound
male,NNP,NNP,httpstcoKUoQDfcLDA
male,NNP,NN,end
male,NN,PRP,He
male,NN,PRP,He
male,JJ,NNP,Anglo
male,NNP,VBD,dominated
male,NNP,NNP,English
male,NNP,NN,vote
male,NNP,NN,stripper
male,NNP,NN,Rat
male,NNP,NN,Rat
male,NNP,NN,vote
male,NNP,NNP,voice
male,NNP,VBD,dominated
male,NN,PRP,Id
male,NNP,NNP,jaguar
male,NNP,NN,artist
male,HT,NNS,fucks
male,NNP,NN,model
male,NN,PRP,I
male,NNP,NN,vote
male,NNP,NN,Rat
male,NNP,NNP,cougar
male,NN,NN,everyone
male,NNP,NNP,Love
male,JJ,NN,world
male,NNP,IN,with
male,NNP,NN,voice
male,NNP,CC,and
male,NN,VBG,running
male,NNP,NN,model
male,NNP,CC,or
male,JJ,NN,cyclist
male,NN,WP,who
male,NNP,NNP,amp
male,NNP,NN,prison
male,NNP,VBZ,thats
male,NNP,NN,actor
male,NNP,NNP,English
male,NNP,NN,figure
male,NNP,CC,or
male,NNP,MD,cant
male,NN,IN,without
male,NNP,NNP,Chihuahua
male,NN,PRP,He
male,NNP,NNP,English
male,NNP,VBZ,calls
male,NNP,NN,figure
male,NNP,NNP,httpstcoKUoQDfcLDA
male,NNP,VBZ,calls
male,NN,PRP,He
male,NN,PRP,He
male,NN,RB,Not
male,NNP,NN,patient
male,NNP,PRP,I
male,NN,PRP,I
male,NNP,NNP,httpstcoKUoQDfcLDA
male,NNP,NNP,Chihuahua
male,NN,PRP,He
male,NNP,NNP,httpstcoKUoQDfcLDA
male,HT,NNS,fucks
male,NNP,PRP,I
male,NN,PRP,I
male,NNP,NNP,Chihuahua
male,NN,PRP,He
male,NNP,CC,or
male,JJ,NNP,Ryder
male,NNP,NNP,Pit
male,NNP,NNP,Pit
male,NNP,NNP,English
male,NN,PRP,He
male,NNP,NNP,Chihuahua
male,NNP,VBZ,calls
male,NNP,NNP,English
male,NN,WP,who
male,NN,TO,to
male,NNP,NNP,strippers
male,NNP,NNP,Pit
male,NN,PRP,He
male,NNP,NNP,Golden
male,NN,PRP,He
male,NNP,NNP,English
male,NNP,NN,model
male,NNP,CC,and
male,NN,VBP,have
male,NNP,NNP,Chihuahua
male,NNP,NNP,English
male,NNP,NN,figure
male,NNP,IN,above
male,JJ,NN,cyclist
male,NNP,VBZ,calls
male,NNP,NN,coach
male,NNP,NN,figure
male,NNP,NN,friend
male,NNP,NNP,Shih
male,NN,JJ,orange
male,NN,JJ,brown
male,NN,PRP,He
male,NN,JJ,black
male,HT,NNS,fucks
male,NNP,HT,bareback
male,NNP,NN,sex
male,NN,NN,scientist
male,NNP,IN,than
male,NN,NN,inspite
male,NNP,NNP,English
male,NNP,NN,artist
male,NNP,NN,figure
male,NNP,NNP,amp
male,NN,IN,of
male,NNP,NN,figure
male,NNP,NN,figure
male,NNP,PRP,you
male,NNP,NNP,httpstcoKUoQDfcLDA
male,NNP,NN,figure
male,NNP,VBZ,is
male,NN,VBP,Im
male,NNP,NNP,amp
male,NN,IN,of
male,NN,PRP,He
male,NNP,NN,lead
male,NN,NN,character
male,NNP,NNP,leads
male,NNP,NNP,English
male,NN,PRP,He
male,NNP,NNP,Pit
male,NNP,NNP,Chihuahua
male,NNP,NN,condom
male,NNP,IN,in
male,NN,NN,streamer
male,NNP,NNP,streamer
male,NNP,NNP,jaguar
male,NNP,NNP,English
male,NNP,NN,stripper
male,NNP,NN,idol
male,NN,PRP,He
male,NNP,NN,strip
male,NNP,NNP,Pit
male,NN,IN,From
male,JJ,DT,That
male,NNP,VBZ,calls
male,JJ,NNP,Anglo
male,NNP,NN,artist
male,NNP,NNP,Pit
male,NNP,VBZ,calls
male,NNP,NNP,English
male,NNP,NNP,Chihuahua
male,NNP,VBZ,calls
male,NNP,WRB,y
male,NNP,NN,que
male,NNP,NN,rape
male,NNP,RB,instead
male,NN,PRP,He
male,NN,PRP,He
male,NN,WP,who
male,NNP,NNP,amp
male,NN,NN,wrestling
male,NNP,NN,figure
male,NNP,NN,artist
male,NNP,CC,and
male,JJ,NN,podcast
male,NNP,NN,comedian
male,NN,PRP,He
male,NNP,VBD,terriermixed
male,NN,PRP,I
male,NNP,NNP,Chihuahua
male,NNP,NNP,English
male,NNP,NN,artist
male,NNP,NNP,Pit
male,NNP,VBZ,calls
male,NNP,NNP,African
male,NNP,NNP,Pit
male,NNP,NN,assistant
male,NNP,VBZ,calls
male,NNP,NNP,Pit
male,NNP,VBZ,calls
male,NNP,TO,to
male,NNP,NNP,Extension
male,NN,PRP,He
male,NNP,VBZ,calls
male,NNP,WP,who
male,NNP,VBG,threatening
male,NNP,NNP,MidLife
male,NNP,NN,rape
male,NNP,NNP,httpstcoKUoQDfcLDA
male,NNP,NNP,Shih
male,NNP,NN,blogger
male,NNP,CC,and
male,NN,IN,into
male,NN,RB,Tho
male,NNP,NN,client
male,NNP,NNP,Genitals
male,NNP,NN,name
male,NNP,CC,and
male,NNP,VBG,living
male,JJ,NN,cyclist
male,NN,VBG,running
male,NNP,CC,or
male,NN,PRP,He
male,NNP,NNP,Pit
male,NNS,WDT,that
male,NNP,CC,or
male,NN,IN,at
male,NN,PRP,He
male,NNP,VBZ,calls
male,NNP,NNP,Pit
male,NNP,VBD,dominated
male,NNP,NNP,director
male,NNP,NNP,Pit
male,NN,PRP,He
male,NNP,NN,porn
male,NNP,NNP,Genitals
male,NNP,NNP,amp
male,NN,IN,of
male,NN,PRP,He
male,NN,PRP,He
male,NNP,NNS,fetuses
male,NNP,VBZ,is
male,NNP,NNP,Pit
male,NNP,WP,who
male,NNP,VBZ,calls
male,NNS,WDT,that
male,NNP,NNP,victim
male,NNP,IN,in
male,NNP,NNP,suitor
male,NNP,NN,chauvinist
male,NNP,VBD,dominated
male,NNP,NN,figure
male,NNP,NNP,kitten
male,NNP,IN,for
male,NNP,NN,lead
male,NN,NN,character
male,NNP,NNP,leads
male,NNP,VBD,dominated
male,NNP,NN,porn
male,NNP,CC,or
male,JJ,CC,or
male,NNP,NN,vote
male,NN,PRP,He
male,NN,NN,cabbie
male,NNP,NNP,cabbie
male,NNP,NNP,httpstcoKUoQDfcLDA
male,NNP,VBG,threatening
male,NNP,NN,chauvinist
male,NNP,NN,figure
male,JJ,NN,cyclist
male,NNP,CC,and
male,NN,CC,and
male,NNP,IN,in
male,NNP,VBZ,calls
male,NNP,NN,lead
male,NN,NN,character
male,NNP,NNP,leads
male,NNP,NN,figure
male,NN,PRP,He
male,NN,PRP,He
male,NNP,NN,father
male,JJ,NN,mom
male,NNP,NN,figure
male,NN,PRP,He
male,NN,PRP,He
male,NNP,NN,figure
male,NNS,IN,in
male,NNP,VBD,dominated
male,NNP,NNP,plotline
male,NNP,NN,lead
male,NN,NN,character
male,NNP,NNP,leads
male,NN,VBP,do
male,NNP,NN,idol
male,NNP,NNP,War
male,NNP,VB,come
male,NNP,VBZ,calls
male,NNP,VBZ,calls
male,NNP,VBZ,calls
male,NN,PRP,He
male,NNP,VBZ,calls
male,NN,PRP,He
male,NNP,TO,to
male,NNP,VBZ,calls
male,NNP,VBZ,calls
male,NNP,CC,or
male,NN,NNP,Brain
male,NNP,NNP,MidLife
male,NNP,NN,character
male,NNP,VBZ,calls
male,NNP,VBZ,calls
male,NN,PRP,He
male,NN,PRP,He
male,NNP,NNP,nose
male,NNP,NN,victim
male,NNP,VBZ,calls
male,NN,PRP,He
male,NNP,NN,model
male,JJ,NN,cyclist
male,NNP,TO,to
male,NNP,VBZ,calls
male,NNP,VBD,spit
male,NNP,NN,actor
male,NNP,VBZ,calls
male,NNP,VBZ,calls
male,NNP,VBZ,calls
male,NNP,NN,rape
male,NNP,VBZ,calls
male,NNP,NNP,Pit
male,NN,PRP,He
male,NN,PRP,He
male,NNP,NNP,Pit
male,NNP,NN,character
male,NN,PRP,He
male,NN,VBG,running
male,NN,PRP,He
male,NNP,RB,yet
male,NNP,NNP,MidLife
male,NNP,VBZ,calls
male,NNP,VBZ,calls
male,NN,DT,a
male,NNP,VBZ,calls
male,NNP,VBZ,calls
male,NN,PRP,He
male,NNP,VBG,threatening
male,NNP,VBZ,calls
male,NNP,NNP,English
male,NN,PRP,He
male,NNP,NNP,English
male,NNP,NNP,Pit
male,NNP,VBZ,calls
male,NNP,VBZ,calls
male,NNP,NN,figure
male,NN,CC,or
male,NN,CC,but
male,NNP,NN,figure
male,NNP,NN,victim
male,NNP,NNP,MidLife
male,NNP,NNP,Chihuahua
male,NNP,NNP,English
male,NNP,VBZ,calls
male,NNP,VBZ,calls
male,NNP,NN,coach
male,NNP,VBZ,calls
male,NN,PRP,He
male,NN,MD,Hell
male,NNP,IN,without
male,NNP,VBZ,calls
male,NNP,VBZ,calls
male,NN,PRP,He
male,NNP,NN,cat
male,NNP,NNP,MidLife
male,NNP,IN,from
male,NN,PRP,He
male,NNP,,
male,NNP,NN,figure
male,JJ,NNP,Anglo
male,NNP,NNP,Pit
male,NN,PRP,He
male,NNP,NN,status
male,NNP,NNP,Pit
male,NNP,NN,actor
male,NNP,VBG,threatening
male,NN,PRP,He
male,NNP,NN,victim
male,NNP,IN,without
male,NNP,IN,without
male,NNP,IN,without
male,NNP,NNP,MC
male,NNP,NN,victim
male,NNP,NNP,Chihuahua
male,NNP,NN,exec
male,NNP,NNP,harpie
male,NNP,NN,exec
male,NNP,NN,gym
male,NNP,NN,rape
male,NNP,NNP,Pit
male,NN,PRP,He
male,NN,PRP,He
male,NNP,NNP,laugh
male,NN,PRP,He
male,NNP,JJ,relative
male,NN,PRP,He
male,NN,PRP,He
male,NNP,NNP,confused
male,NNP,NNP,acopia
male,NNP,NN,lead
male,NN,NN,character
male,NNP,NNP,leads
male,NNP,CC,and
male,NN,CC,and
male,NN,PRP,I
male,NN,PRP,He
male,NN,PRP,He
male,NNP,NN,rape
male,NNP,NNP,Pit
male,NNP,NNP,amp
male,NN,IN,of
male,NNP,NNP,Genitals
male,NN,PRP,He
male,NNP,NNP,httpstcoKUoQDfcLDA
male,NN,PRP,He
male,NNP,NNP,Wirehaired
male,NNP,NNP,Chihuahua
male,NN,PRP,He
male,NN,PRP,He
male,NNP,NNP,Pit
male,NN,PRP,I
male,NNP,NNP,Pit
male,NN,PRP,He
male,NNP,NNP,Golden
male,NNS,WDT,that
male,NNP,NN,figure
male,NN,PRP,He
male,NN,PRP,He
male,NNP,NN,rape
male,NNP,NN,figure
male,NNP,NN,rape
male,NNP,NN,lead
male,NN,NN,character
male,NNP,NNP,leads
male,NNP,IN,of
male,NNP,NNP,stripper
male,NN,PRP,He
male,NNP,NNP,httpstcoKUoQDfcLDA
male,NNP,VBZ,thats
male,NNP,VBG,threatening
male,NN,PRP,He
male,NNP,NN,figure
male,NNP,NN,figure
male,NN,PRP,He
male,NNP,NN,figure
male,NN,PRP,He
male,NNP,IN,for
male,NN,PRP,He
male,NN,PRP,He
male,NNP,NN,lead
male,NNP,WP,who
male,NNP,NNP,Pit
male,NN,NNP,Oh
male,NNP,NN,horse
male,HT,NNS,fucks
male,NNP,HT,bareback
male,NNP,NNP,httpstcoKUoQDfcLDA
male,NNP,NN,figure
male,NN,PRP,He
male,NN,PRP,He
male,NNP,NNS,deities
male,NNP,VBD,controlled
male,HT,NN,now
male,NN,PRP,He
male,JJ,NN,Industry
male,NNP,NN,rape
male,NN,NN,hawke
male,NNP,NNP,hawke
male,NNP,NNP,Pit
male,NNP,NN,songwriter
male,NNP,CC,and
male,JJ,NN,uniforms
male,NNP,NN,rape
male,NNP,CC,and
male,NN,TO,to
male,NN,PRP,He
male,NNP,NN,figure
male,NN,PRP,He
male,NN,PRP,He
male,NN,PRP,He
male,NN,PRP,He
male,NNP,IN,on
male,NN,PRP,He
male,NN,PRP,He
male,NN,TO,to
male,NNP,CC,but
male,NNP,VBZ,fights
male,NN,PRP,He
male,NN,PRP,He
male,JJ,NN,Industry
male,NNP,NN,version
male,NNP,NN,actor
male,NNP,NNP,striptease
male,NNP,CC,and
male,NN,IN,as
male,NNP,CC,and
male,JJ,NN,suspect
male,NNP,IN,with
male,NNP,NNP,la
male,NNP,VBG,threatening
male,NNP,NNP,httpstcoKUoQDfcLDA
male,NNP,TO,to
male,NN,PRP,He
male,NNP,CC,or
male,NN,VBP,amp
male,NN,PRP,He
male,NNP,NNP,voice
male,NNP,NNS,deities
male,NNP,VBD,controlled
male,HT,NN,now
male,NN,PRP,He
male,NNP,NN,horse
male,NNP,NNP,Pit
male,NNP,NN,human
male,NNP,NN,person
male,NN,PRP,He
male,NN,VBD,won
male,NNP,IN,at
male,NNP,NN,zombie
male,NNP,CC,and
male,JJ,NN,rapper
male,NNP,NNP,Yang
male,NNP,NN,pornstar
female,NN,VBG,running
female,NN,VBZ,is
female,NN,NN,amp
female,NN,NNP,Manchester
female,NN,WDT,tht
female,NN,VBG,running
female,NN,WDT,that
female,NN,VBP,send
female,NN,NN,athlete
female,JJ,NN,man
female,NN,PRP,I
female,NN,NN,wolverine
female,NN,NN,protester
female,NN,TO,to
female,NN,NN,taxi
female,NN,RB,then
female,NN,NN,winner
female,NN,NN,horse
female,NN,VBG,saying
female,JJ,NNP,Twitter
female,NN,WDT,that
female,NN,NN,dog
female,NN,HT,Peshmerga
female,NN,VBZ,does
female,NN,NN,rapper
female,NN,NN,rapper
female,NN,CC,and
female,NN,,
female,NN,NN,journalist
female,NN,NN,Student
female,NN,NN,student
female,JJ,NN,think
female,NN,NN,vocalist
female,NN,NN,rapper
female,NN,NN,rapper
female,NN,NNP,Boris
female,NN,PRP,I
female,NN,MD,youd
female,NN,NN,runner
female,NN,NN,dawg
female,NN,VB,block
female,NN,IN,in
female,NN,NN,detective
female,NN,NNP,Manchester
female,NN,NN,horse
female,NN,NN,overreaction
female,NN,PRP,you
female,NN,NN,furry
female,NN,VBZ,needs
female,NN,RB,sometimes
female,NN,NNP,James
female,NN,CC,but
female,JJ,NN,lead
female,JJ,NN,version
female,NN,NN,athlete
female,NN,NN,rape
female,NN,IN,over
female,NN,RB,jus
female,NN,NN,horse
female,NN,HT,Peshmerga
female,NN,NN,coworker
female,JJ,NN,lead
female,JJ,NN,engineer
female,NN,VBZ,doesnt
female,NN,TO,to
female,NN,RB,then
female,NN,DT,this
female,NN,MD,can
female,NN,NN,thing
female,NN,NN,journalist
female,NN,VBG,saying
female,NN,DT,some
female,JJ,NN,lead
female,NN,NN,firefighter
female,NN,VBZ,needs
female,NN,TO,to
female,NN,NN,trait
female,NN,PRP,you
female,NN,HT,Peshmerga
female,NN,VBZ,wants
female,NN,VBG,saying
female,NN,NN,rap
female,NN,NN,oG
female,NN,NN,trait
female,NN,NN,horse
female,NN,HT,Peshmerga
female,JJ,NN,engineer
female,NN,HT,Peshmerga
female,NN,IN,in
female,NN,HT,Peshmerga
female,NN,NN,turian
female,NN,VB,alter
female,NN,NNP,Awesome
female,NN,IN,if
female,NN,CC,but
female,NN,VB,lie
female,NN,,
female,NN,IN,off
female,NN,HT,Peshmerga
female,NN,RB,so
female,JJ,NN,leg
female,NN,DT,thats
female,NN,NN,descendant
female,NN,RB,sometimes
female,NN,NN,bff
female,NN,VBZ,gets
female,NN,NNP,FE
female,NN,IN,on
female,NN,NN,deer
female,NN,VBZ,is
female,NN,CC,but
female,NNS,VB,be
female,NN,TO,to
female,NN,VBZ,is
female,NN,NN,shepard
female,NN,NN,vocal
female,NN,VBZ,needs
female,NN,VBZ,is
female,NN,IN,on
female,NN,NN,slave
female,NN,VBZ,its
female,NN,VBD,made
female,NN,IN,in
female,NN,WP,who
female,NN,NN,amp
female,NN,NN,journalist
female,NN,NN,athlete
female,NN,RB,then
female,NN,VBG,saying
female,NN,PRP,i
female,NN,VBP,were
female,NN,VBG,talking
female,NN,NN,workout
female,NN,VBP,ask
female,NN,WP,who
female,NN,NN,journalist
female,NN,HT,TeamSia
female,JJ,NN,singer
female,NN,WDT,that
female,NN,WDT,that
female,JJ,JJ,American
female,NN,TO,to
female,NN,NNP,MC
female,NN,NN,artist
female,NN,NN,soul
female,NN,IN,in
female,NN,WP,who
female,NN,NN,health
female,NN,IN,With
female,JJ,NNS,organs
female,NN,CD,one
female,NN,WDT,that
female,NN,VBZ,is
female,JJ,NN,health
female,NN,NN,journalist
female,NN,PRP,they
female,NN,NN,athlete
female,NN,WP,who
female,NN,NN,athlete
female,NNP,NNP,Lycanroc
female,NN,WP,who
female,NN,IN,about
female,NN,,
female,NN,PRP,yourself
female,NN,TO,to
female,NN,NN,amp
female,NN,IN,in
female,NN,IN,with
female,NN,NN,gasp
female,JJ,NN,family
female,NN,IN,in
female,NN,IN,before
female,NN,NN,athlete
female,NN,NN,PM
female,NN,NN,Home
female,JJ,NNP,Justice
female,NN,NNP,Nat
female,NN,DT,That
female,NN,NN,appearance
female,NN,NNP,James
female,NN,NN,athlete
female,NN,NN,headliner
female,NN,NNP,James
female,NN,VBZ,needs
female,NN,NN,journalist
female,NN,CC,and
female,NN,IN,for
female,NN,NN,chara
female,NN,NN,chara
female,NN,NN,health
female,NN,VBG,traveling
female,JJ,NN,character
female,NN,VBZ,its
female,NN,NN,somebody
female,JJ,NN,family
female,JJ,NN,artist
female,NN,VBD,was
female,JJ,NN,health
female,NN,NN,journalist
female,NN,RB,just
female,NN,NNP,Brock
female,NN,VBZ,looks
female,NN,,
female,JJ,NN,lead
female,NN,NN,athlete
female,NN,JJ,Personal
female,NN,NN,tennis
female,NN,IN,for
female,NN,VBZ,needs
female,NN,TO,to
female,NN,IN,what
female,JJ,NN,role
female,NN,VB,get
female,NN,IN,as
female,NN,PRP,she
female,NN,WDT,that
female,NN,NN,journalist
female,NN,WDT,that
female,NN,VBG,singing
female,NN,IN,if
female,NN,NN,trait
female,NN,PRP,I
female,NN,NN,magician
female,NN,TO,to
female,NN,TO,to
female,NN,NN,ffs
female,NN,NNP,Labrador
female,NN,NN,colab
female,NN,NN,referee
female,NN,WDT,that
female,NN,NN,goosander
female,NN,TO,to
female,NN,CC,and
female,NN,RB,then
female,JJ,NN,PM
female,NN,NN,Fetus
female,NNP,NNP,MaleXY
female,NN,IN,with
female,NN,,
female,NN,NN,wrestler
female,NN,NN,life
female,NN,NNP,Sarah
female,NN,VB,know
female,JJ,NN,lead
female,NN,NN,journalist
female,NN,NN,journalist
female,NN,VBG,taking
female,NN,NNP,Labrador
female,NN,TO,to
female,NN,NN,health
female,NN,IN,like
female,NN,NN,health
female,NN,NN,shooter
female,NN,WDT,that
female,NN,PRP,I
female,NN,NN,entrepreneur
female,NN,NN,journalist
female,NN,NN,smh
female,NN,NN,rapper
female,NN,WP,who
female,NN,NNP,Prime
female,NN,IN,with
female,JJ,NN,child
female,NN,NN,overreaction
female,NN,VBG,running
female,NN,NN,journalist
female,NN,HT,TeamSia
female,NN,IN,on
female,NN,NN,squirt
female,NN,CC,and
female,NN,NN,condum
female,JJ,NN,family
female,NN,NN,health
female,NN,NN,nigga
female,NN,VBG,saying
female,NN,NN,health
female,NN,NN,point
female,NN,VBZ,is
female,NN,CD,one
female,NN,IN,what
female,NN,NNP,Drake
female,NN,NNP,Uber
female,NN,HT,TeamSia
female,NN,CC,or
female,NN,VBG,talking
female,NN,NNP,FeistHound
female,NN,VBP,wish
female,NN,IN,that
female,NN,USR,LavarBall
female,NN,PRP,I
female,NN,IN,in
female,NN,NN,idol
female,NN,WP,who
female,NN,VBG,saying
female,NN,NN,journalist
female,NN,VBD,ruled
female,NN,NN,masters
female,NN,WDT,that
female,NN,NN,journalist
female,NN,NN,tortie
female,NN,HT,TeamSia
female,NN,NN,rapper
female,NN,VBG,talking
female,NN,NN,rapper
female,NN,TO,to
female,NN,,
female,NN,IN,for
female,NN,NN,restroom
female,NN,MD,will
female,NN,TO,to
female,NN,WDT,that
female,NN,WDT,that
female,NN,WDT,that
female,JJ,NN,fan
female,NN,NN,doctor
female,HT,HT,founder
female,NN,PRP,you
female,JJ,JJ,domestic
female,NN,NN,empowerment
female,JJ,NN,cat
female,NN,NN,artist
female,JJ,NN,cat
female,NNS,,
female,NN,CC,and
female,JJ,NN,cat
female,NN,NN,actress
female,JJ,NN,cat
female,NN,NN,artist
female,JJ,NN,engineer
female,NN,VBP,send
female,VBD,NNS,condoms
female,JJ,NN,family
female,NN,NN,amp
female,NN,VBG,running
female,NN,MD,Could
female,NN,NNP,Doctor
female,JJ,NN,issue
female,NN,NN,goosander
female,NN,RB,then
female,NN,WDT,that
female,NN,NN,player
female,NN,PRP,i
female,NN,WP,who
female,NN,NN,journalist
female,NN,VB,fuck
female,NN,NN,journalist
female,NN,NN,amp
female,NN,VBG,having
female,NN,WP,who
female,NN,NN,player
female,NN,JJ,reproductive
female,NN,WDT,that
female,NN,NN,athlete
female,NN,NN,cop
female,NN,UH,no
female,NN,NN,impersonator
female,NN,RB,MAYBE
female,NN,VBZ,is
female,NN,NN,youtuber
female,NN,NN,journalist
female,JJ,NN,artist
female,NN,NNP,BodyEstrogen
female,JJ,NN,version
female,NN,UH,lol
female,NN,TO,to
female,NN,WDT,that
female,JJ,NN,police
female,NN,MD,can
female,NN,NN,amp
female,NN,NN,president
female,NN,NN,journalist
female,NN,VB,play
female,NN,NN,journalist
female,JJ,NN,child
female,NN,RP,up
female,NN,TO,to
female,NN,MD,shouldnt
female,NN,VBD,sized
female,NN,CC,or
female,JJ,PRP,My
female,NN,CC,and
female,NN,RB,then
female,NN,NN,artist
female,NN,TO,to
female,JJ,NN,marathon
female,NN,CC,and
female,NN,VBG,saying
female,NN,DT,That
female,JJ,NN,hang
female,NN,JJ,gay
female,NN,NN,idol
female,NN,IN,if
female,NN,VBP,have
female,NN,NN,pretty
female,NN,VBP,send
female,JJ,NN,artist
female,NN,NN,dj
female,NN,NN,dj
female,NN,VBZ,is
female,NN,IN,above
female,NN,VBG,saying
female,NN,VBZ,is
female,NN,RB,then
female,NN,DT,a
female,NN,MD,should
female,NN,RB,obviously
female,NN,IN,in
female,NN,VBG,saying
female,NN,NN,power
female,NN,NNS,rappers
female,NN,NN,Actor
female,JJ,NN,health
female,NN,NN,voice
female,NN,WP,who
female,JJ,NN,health
female,NN,WDT,that
female,NN,VBG,admitting
female,NN,NN,fight
female,NN,VBD,led
female,NN,NN,referee
female,NN,VBZ,is
female,JJ,NN,restroom
female,NN,NN,idol
female,NN,NN,director
female,NN,VBZ,is
female,NN,MD,would
female,NN,NN,journalist
female,NN,WDT,that
female,NN,NN,director
female,NN,VBZ,is
female,NNS,IN,wit
female,JJ,PRP,They
female,NN,CC,but
female,NN,IN,cuz
female,NN,DT,some
female,NN,VBZ,is
female,NN,DT,some
female,NNS,WDT,which
female,NN,IN,if
female,NN,PRP,I
female,NN,VBZ,needs
female,NN,JJ,demographic
female,NN,DT,thats
female,JJ,NN,voice
female,NN,VBZ,needs
female,NN,NN,doctor
female,NN,HT,TeamSia
female,JJ,NN,voice
female,NN,NN,referee
female,NN,NN,page
female,JJ,NN,health
female,NN,VBZ,is
female,NN,DT,a
female,NN,VBG,saying
female,NN,NN,power
female,NN,NN,journalist
female,NN,RB,right
female,JJ,NN,fan
female,NN,NN,journalist
female,NN,NNP,Prime
female,JJ,NNS,posts
female,NN,IN,so
female,JJ,NN,victim
female,NN,IN,in
female,NN,IN,in
female,NN,DT,a
female,JJ,NN,rapper
female,NN,,
female,NN,TO,to
female,NN,WDT,that
female,NN,NN,journalist
female,NN,NN,rapper
female,NN,NN,hello
female,NN,VBZ,needs
female,NN,IN,that
female,NN,NN,racing
female,NN,JJ,best
female,NN,NN,perspective
female,JJ,NN,Someon
female,NN,NN,beef
female,NN,VBG,saying
female,NN,TO,to
female,NN,NN,physician
female,NN,VBZ,is
female,NNS,IN,wit
female,NN,PRP,I
female,NN,IN,w
female,NN,NN,journalist
female,NN,NN,Someon
female,NN,NN,referee
female,NN,NN,Ninten
female,NN,MD,can
female,NN,NN,doctor
female,NN,NN,amp
female,NN,VBG,saying
female,NN,HT,TeamSia
female,NN,CC,and
female,NN,NN,overreaction
female,NN,IN,above
female,JJ,NN,protagonist
female,JJ,NNP,US
female,NN,PRP,it
female,NN,IN,with
female,NN,NN,journalist
female,NN,IN,around
female,NN,TO,to
female,NN,IN,at
female,NN,DT,some
female,NN,IN,about
female,NN,NN,director
female,NN,NN,referee
female,NN,NN,journalist
female,NN,NN,producer
female,NN,VBG,winning
female,NN,NN,ballad
female,JJ,JJ,Asian
female,NN,CC,and
female,NN,WDT,that
female,NN,VBG,saying
female,NN,IN,Like
female,NN,IN,what
female,NN,TO,to
female,NN,MD,Could
female,NN,VBZ,is
female,NN,NN,body
female,NN,NN,Someon
female,NN,MD,will
female,NN,HT,TeamSia
female,NN,IN,Like
female,NN,MD,should
female,NN,NN,porn
female,NN,NN,overreaction
female,NN,HT,TeamSia
female,NN,NN,overreaction
female,NN,MD,would
female,NN,WDT,that
female,NN,NN,disposition
female,NN,VBZ,needs
female,NN,NN,sibling
female,NN,NN,overreaction
female,NN,NNP,Max
female,NN,NN,overreaction
female,NN,IN,over
female,NN,VBZ,is
female,NN,NN,journalist
female,NN,MD,can
female,NN,NNP,Max
female,NN,IN,with
female,NN,NNP,Jindo
female,JJ,JJ,American
female,NN,DT,a
female,NN,TO,to
female,NN,IN,above
female,NN,NN,vocalist
female,JJ,NN,singer
female,NN,PRP,it
female,NN,NN,journalist
female,NN,NNP,Science
female,NN,NN,journalist
female,NN,VB,hide
female,NN,NNP,Prime
female,NN,VBG,saying
female,NN,WRB,why
female,NN,NN,amp
female,NN,TO,to
female,NN,NN,referee
female,NN,DT,every
female,NN,NNP,CAW
female,NN,WDT,that
female,NN,IN,about
female,NN,CC,or
female,NN,HT,TeamSia
female,NN,VBG,wanting
female,NN,NN,anyway
female,NN,CC,and
female,NN,NN,student
female,NN,VBP,send
female,NN,IN,with
female,NN,HT,TeamSia
female,NN,NN,director
female,NN,CC,and
female,NN,TO,to
female,NN,NN,riot
female,NN,JJ,gay
female,NN,NN,director
female,JJ,NN,friend
female,NN,NN,page
female,NN,TO,to
female,NN,NN,director
female,JJ,NN,nominee
female,NN,NN,amp
female,NN,DT,some
female,NN,IN,for
female,JJ,NN,version
female,NN,NN,onlyso
female,NN,TO,to
female,NN,DT,some
female,NN,PRP,I
female,NN,VBG,praying
female,NN,NN,catahoula
female,NN,NNP,Tortoise
female,JJ,NN,version
female,NN,NN,manager
female,NN,NN,doctor
female,NN,NN,referee
female,NN,NNP,FeistHound
female,NN,VBG,wanting
female,NN,VB,make
female,NN,VBP,send
female,NN,JJ,gay
female,NN,WP,who
female,NN,NN,point
female,NN,NN,trait
female,NN,VB,make
female,NN,DT,any
female,NN,VBP,send
female,NN,NN,idol
female,NN,DT,some
female,NN,NNP,Labrador
female,NN,WP,who
female,NN,VBZ,is
female,NN,VB,make
female,NN,JJ,Longtailed
female,NN,VBP,send
female,NN,NN,idol
female,NN,NN,rapper
female,NN,RB,maybe
female,NN,VBP,send
female,NN,NN,president
female,NN,IN,on
female,NN,IN,on
female,NN,IN,for
female,NN,IN,in
female,NN,IN,by
female,NNS,CC,but
female,NN,CC,and
female,NN,NN,doctor
female,HT,HT,voiceover
female,NN,IN,what
female,NN,NN,journalist
female,NN,WDT,that
female,NN,DT,a
female,NN,TO,to
female,NN,VBG,wanting
female,JJ,NN,lead
female,NN,NN,riot
female,NN,PRP,they
female,NN,WDT,that
female,NN,VB,make
female,JJ,NN,lead
female,NN,IN,with
female,NN,JJ,gay
female,NN,TO,to
female,NN,VBP,ask
female,NN,RB,uncontrollably
female,NN,VBP,send
female,NN,DT,That
female,NN,IN,by
female,NN,NN,beer
female,NN,VBP,send
female,NN,VBZ,is
female,NN,NN,highschool
female,NN,TO,to
female,NN,TO,to
female,NN,VBP,have
female,NN,NN,comedian
female,NN,WDT,that
female,JJ,NN,version
female,NN,IN,in
female,NN,NN,rapper
female,NN,IN,above
female,NN,TO,to
female,NN,TO,to
female,NNS,NN,pictures
female,NN,CC,and
female,NN,RB,constantly
female,NN,IN,Like
female,JJ,NN,friend
female,NN,NN,fr
female,NN,TO,to
female,JJ,NN,friend
female,NN,PRP,I
female,NNS,IN,with
female,NN,,
female,NN,NN,journalist
female,NN,VB,say
female,NN,WP,who
female,NN,WDT,that
female,NN,NN,Spoonbill
female,JJ,JJ,closest
female,NN,JJ,high
female,NN,VBZ,is
female,NN,TO,to
female,NN,WP,who
female,NN,CC,and
female,NN,TO,to
female,NN,JJ,wrong
female,NN,WDT,that
female,NN,VBZ,slaves
female,NN,VB,say
female,NN,VBG,saying
female,NN,NN,power
female,NN,VBD,got
female,NN,NN,commentator
female,NN,NN,genitaliahe
female,NN,VBZ,gets
female,NN,NN,commentator
female,NN,PRP,you
female,NN,TO,to
female,NN,VBZ,feels
female,NN,NN,amp
female,NN,NN,sloth
female,NN,NN,right
female,NN,VBZ,lays
female,NN,NN,guinea
female,JJ,NNS,friends
female,NN,WDT,that
female,NN,WP,Who
female,NN,MD,will
female,NNP,NNP,Wink
female,NN,IN,Like
female,NN,WP,who
female,JJ,NN,love
female,NN,WP,who
female,NN,CC,but
female,NN,IN,Like
female,NN,MD,will
female,NN,VBG,saying
female,NN,HT,voiceover
female,NN,NNP,Viola
female,NN,TO,to
female,NN,NN,name
female,NN,JJ,high
female,NN,RB,only
female,NN,VBG,gon
female,NN,NNP,EVER
female,NN,JJ,gay
female,NN,NN,artist
female,NN,TO,to
female,NN,NN,journalist
female,NN,WDT,that
female,NN,NN,ref
female,JJ,NN,models
female,NN,WDT,that
female,NN,CC,but
female,NN,NN,decahedron
female,NN,NNP,Boss
female,NN,NN,powerhouse
female,NN,TO,to
female,NN,IN,on
female,NN,VBZ,wants
female,NN,VBZ,gets
female,NN,IN,on
female,NN,IN,with
female,HT,NN,consent
female,NN,PRP,I
female,NNS,IN,with
female,NN,JJ,gay
female,NN,CC,and
female,VB,VBZ,Shes
female,NN,NN,champion
female,NN,DT,no
female,NN,NN,driving
female,NN,IN,that
female,NN,NNP,Prime
female,NN,NN,artist
female,JJ,NN,nominee
female,NN,NN,powerhouse
female,NN,NN,gamer
female,NN,NN,journalist
female,NN,VBG,saying
female,NN,WDT,that
female,JJ,NN,parent
female,NN,DT,some
female,NN,VBG,holding
female,NN,VBZ,feels
female,NN,WDT,that
female,NN,NNP,Officer
female,NN,CC,but
female,NN,NN,deer
female,NN,NN,trait
female,NN,NN,middle
female,NN,WP,who
female,NN,VBZ,its
female,NN,WDT,that
female,NN,NN,pappu
female,NN,VBG,saying
female,NN,RB,just
female,NN,VBG,saying
female,NN,IN,if
female,NN,NN,rapper
female,NN,VBZ,needs
female,NN,VB,Play
female,NN,UH,ha
female,NN,NNP,Labrador
female,NN,WP,who
female,NN,,
female,NN,NN,journalist
female,NN,NN,journalist
female,NN,NN,journalist
female,NN,IN,on
female,NN,NN,Spoonbill
female,NN,WP,who
female,NN,CC,and
female,NN,NNP,ABVP
female,NN,IN,in
female,NN,VBG,running
female,NN,RB,Unfortunately
female,JJ,NN,feel
female,NN,CC,but
female,NN,NN,amp
female,NN,RB,nowadays
female,NN,WDT,that
female,NN,VBZ,thats
female,NN,WP,who
female,NN,WDT,that
female,NN,NN,journalist
female,NN,WRB,when
female,NN,IN,if
female,NN,NNP,Jindo
female,NN,RB,maybe
female,NN,NN,rapper
female,NN,VBG,driving
female,NN,NN,athlete
female,NN,IN,Like
female,NN,NN,rapper
female,NN,CC,or
female,NN,NN,present
female,NN,NN,prison
female,NN,CC,and
female,JJ,NN,character
female,NN,JJ,best
female,NN,IN,for
female,NN,NN,journalist
female,NN,VBZ,needs
female,NN,VBZ,thats
female,NN,RB,maybe
female,NN,RB,just
female,NN,WDT,that
female,NN,NN,dog
female,NN,IN,like
female,NN,VBZ,needs
female,NN,CC,but
female,JJ,NN,friend
female,NN,NN,friendship
female,NN,DT,some
female,NN,RB,just
female,NN,VBZ,its
female,NN,VBZ,needs
female,NN,NN,rapper
female,NN,IN,with
female,NN,NN,amp
female,NN,JJ,wrong
female,NN,VBZ,thats
female,NN,VBG,saying
female,NN,IN,that
female,NN,IN,if
female,NN,VBG,saying
female,NN,NN,power
female,NN,IN,with
female,NN,NN,sanghi
female,NN,TO,to
female,NN,TO,to
female,NN,NN,journalist
female,NN,NN,artist
female,JJ,NN,youre
female,NN,WP,who
female,NN,IN,that
female,JJ,JJ,American
female,NN,NNP,Bond
female,NN,WP,who
female,NN,CC,or
female,NN,TO,to
female,NN,IN,about
female,NN,VBZ,thats
female,NN,IN,Like
female,NN,VBZ,needs
female,NN,IN,if
female,JJ,NN,role
female,NN,NN,life
female,NN,PRP,my
female,NN,WDT,that
female,NN,NN,dance
female,NN,IN,as
female,NN,DT,some
female,JJ,VBZ,Theres
female,NN,JJ,Domestic
female,NN,NN,gyno
female,NN,NN,amp
female,NN,NN,head
female,NN,NN,dance
female,NNP,VBP,are
female,NN,NN,voice
female,NN,VBZ,has
female,JJ,NN,parent
female,NN,IN,with
female,NN,VBG,holding
female,NN,NN,dance
female,JJ,NN,character
female,JJ,NN,lead
female,JJ,NN,character
female,NN,CC,and
female,NN,VBG,trying
female,NN,TO,to
female,NN,VB,Fuck
female,JJ,NN,friend
female,NN,JJ,Mexican
female,NN,VBG,saying
female,NN,CC,or
female,NN,VBN,based
female,JJ,NN,lead
female,NN,IN,above
female,NN,NN,doctor
female,JJ,NN,friend
female,NN,VBZ,is
female,JJ,NN,friend
female,NN,JJ,gay
female,NN,CC,but
female,NN,TO,to
female,NN,NN,decahedron
female,NN,CC,But
female,NN,NNP,Voice
female,NN,VBZ,needs
female,NN,JJ,dominant
female,NN,VB,hide
female,NN,TO,to
female,NN,CC,But
female,NN,NN,rapper
female,NN,NN,journalist
female,NN,VB,hide
female,NN,CC,and
female,NN,RB,regardless
female,NN,PRP,im
female,NN,NN,pedestrian
